attack_label,attack_content
3,一次考试，我在静静的教室里监考巡视。学生都低着头，在试卷上奋笔疾书。当我走到一个学生身旁时，看到在他脚下躺着一支笔。我没有出声，弯下腰，帮他把笔捡起来，轻轻放在桌上，像什么也没有发生过一样，走过去，又接着在其他地方巡视。当我第二次走过这个学生身旁时，让我没有想到的是，这个学生故意用胳膊肘碰了一下那支笔。“啪”，不偏不倚，笔落在了我脚边。我停下脚步，看着这个学生。他很坦然，像是无意识似的。斜着身子背对着我坐在凳子上，原来平放在桌上的胳膊立起来撑着脑袋，眼睛瞄着试卷，一只手胡乱地写着。试卷有很多空白。我又一次弯下腰，帮他把笔捡起来，放在桌上。教室已经有一些躁动了，从不同的角落不时传来“悉悉索索”的声音。我又一次出现在了这个同学身边，这次我是特意经过他身边，我想知道他会不会再次做出那样的举动。如出一辙！笔又一次掉在我脚边。“挑衅！”我的脑子里立刻跳出了这个词语。学生已经意识到发生了什么，纷纷停下笔，目光齐刷刷地注视着我。教室的空气顿时像积聚了巨大的能量一样，马上就要爆炸了。我的怒火已经燃到了头顶，不由自主地扬起了手
3,刚开学没几天，当班里的小组长向我汇报他们组就刘某某没交作业时，我随口问了一句：“刘某某你的作业本呢？什么时候能交？”只见刘某某看了我一眼，然后默默地把书包收拾了一下，起身背起书包，昂首走出了教室。我一愣，没有阻拦，因为我知道只要阻拦会加大他的逆反心理，我没有做声，任由刘某某出入无人之境地走出了教室。随后我跟着他悄悄地（没让他发现）走出了教室
3,从此以后，我明显觉得我和刘某某的关系没有以前亲密，以前上课他积极举手读课文，语文作业能按时完成，并积极改错，据我所知他只做语文作业，可经过这件事后，他在课上高兴就听，不高兴就玩东西，作业也不写。对我说的话爱搭不理，往往用沉默回答我，我找他谈过几次，他就是低着头，什么话也不说。我对他就如同空气一样。
1,一天中午吃过饭后，孙某某给了田某某一些糖，田某某想把这些糖再分一部分给他的好朋友，就拿在自己的桌上数，没想到刘某某一下冲过去，顺手就抓起一把，田某某就说：“你还我糖。”刘某某二话不说，双手就死死地掐住田某某的脖子，当时高老师看见后立马阻止，可刘某某就是不撒手，眼看田某某的舌头都吐出来了，高老师和同学们都一起动手，试图把田某某从刘某某的手中解脱下来，可无济于事，高老师见状，灵机一动让田某某把衣服从身上退下来，然后赶紧把田某某和刘某某隔离，叫田某某去办公室休息。
1,开学第一周，就“领教”了这娃的“霸气威武”。一次课间我进了教室，一个女孩哭哭啼啼地找我说：“老师，郭郭说要弄死我……”刚听到此，我的心紧紧一抽，再一追问才明白是这个女孩爱找他玩，他不想和她玩，就怂恿旁边的另一个男生拿出一把小剪刀来，并恶狠狠地威胁道：“再过来烦我们就弄死你。”找郭郭出来了解情况时，他在那里安静不过三秒，不停转着身，不时抖着腿，迷人的大眼睛里充满了不屑，郭郭坚持认为是女孩先招的他，秉承着“人若犯我，我必奉还”的原则，一口咬定女孩是“罪有应得”而自己的威胁之语“并无任何不妥”
3,我任何劝慰开导的话，他全然不听，时不时还几句浑话，我的内心早已被这个小霸气得够呛，但心里明白郭郭这样的态度一方面是他的个性使然，更重要的是他的心里没有认可这个半路接班的年轻老师……看他一副天下唯我独尊、霸气凌人的气势，最后僵持不下，就给郭郭的妈妈打了电话，郭郭在妈妈的威严下意识到自己的错误勉强向女孩道了歉
1,入学后，小浩更是状态百出：上课时动动这儿、看看那儿，把书本、文具弄得七零八落；常常发出怪声或擅自离开座位，或者悄悄地咬铅笔、吮手指、切橡皮；课间更是活跃异常，跟同学追逐打闹，甚至打伤同学；更可怕的是，当老师批评他时，他的情绪会变得非常极端，大声地喊叫顶撞老师，不停地跺脚、推桌子，甚至打自己的耳光，用文具盒撞自己的额头
1,小胡个子较高，长得比同龄的孩子大，坐在教室靠墙边的倒数第二个位置，上课总是一副懒散的样子。对老师也总是爱搭不理，上课时总是打扰其他同学，和同学的关系也非常紧张，总是和同学打架，欺负比自己弱小的同学。但是对老师组织的活动特别积极，可因为他平时表现不好，总是没有机会上场，不让他上场，他就变本加厉地扰乱课堂，形成了一种恶性循环。
1,我上美术课时，小胡总是歪歪扭扭地坐着，一只手拿着笔，懒洋洋地趴在桌子上。别的同学在画画的时候，他总是不画，而是看着其他同学，一有机会就去欺负人家。但是一到提问的时候他总是非常积极，恨不得把手都举到老师的讲台上去。有时叫到他他答不上来，但是坐下之后他还是举手。
1,新学期开学刚刚两周，李鹏宇同学已是第二次出“状况”了。上一次是开学的第一天，在校园门口公开和妈妈“摆擂台”。原因很简单，不想上学。正在执勤的安保老师过去开导，结果被小鹏宇的“飞腿”连续命中，不幸中招，真是让这位老师哭笑不得，妈妈也是忙着赔不是。
3,小浩是被全校师生贴上“调皮王、捣蛋鬼”标签的孩子。真不幸，分班的时候，这个难缠的“小魔头”分到了我们班。果然，刚开学不久，小浩就让我见识了他的“厉害”——课堂上，他总“有所作为”：时不时冒出一腔怪声，引得全班哄堂大笑；用把小镜子反射太阳光，晃同学们的眼睛；组长收发作业本，他故意伸出一条腿把人家绊倒……课间，他“小伎俩”层出不穷：偷偷往女生背后贴画着猪头的小纸条；趁其不备，搬开凳子，让同学坐空，摔个四脚朝天；捉来毛毛虫塞进同学书包，吓得人家“哇哇”大叫……作业经常满纸红叉叉，或者故意迟交，甚至根本没做。测试20多分，那是家常便饭
3,小涵是班里的大嗓门，班级纪律每天因为他被值周扣分，每一次我都忍不住严厉警告不留情面，批评的次数多了，他对我的敌意也越来越明显，大嗓门丝毫没改也就罢了，还常常趁我不备放只蜗牛虫子之类的在办公桌上，让人哭笑不得！
1,课堂上乱丢纸团、出怪声、朝同学吐唾沫；课上趴在讲台上；课上面朝同学做鬼脸；用干纸巾沾上水丢到教室天花板上；超同学丢粉笔头；看课外书（算好的）；课下朝着同学泼水；在班里乱丢纸屑；拿着水瓶满楼道洒水；上课不回教室，躲在厕所里、藏在图书馆里等；乱串其他班级，随便拿走别人的东西；随意踢打同学，特别是女生、低年级同学；情节最严重的是曾试图用开水泼洒本班同学。
3,课堂上乱丢纸团、出怪声、朝同学吐唾沫；课上趴在讲台上；课上面朝同学做鬼脸；用干纸巾沾上水丢到教室天花板上；超同学丢粉笔头；看课外书（算好的）；课下朝着同学泼水；在班里乱丢纸屑；拿着水瓶满楼道洒水；上课不回教室，躲在厕所里、藏在图书馆里等；乱串其他班级，随便拿走别人的东西；随意踢打同学，特别是女生、低年级同学；情节最严重的是曾试图用开水泼洒本班同学。
1,没想到，噩梦还是来敲门了！某天中午我正在办公室吃午饭，一个三年级的小女孩跑来，泪水涟涟地向我告状：阿毛同学今天上午和中午打了我两次，我现在肚子特别疼，老师，我今天一点都没有招惹他！见她说的委屈，我先是做了安抚，承诺一定狠狠批评阿毛，她才回班上了课。稍后上午自习，我找阿毛问了情况，他承认确实打了那个女同学，并且是没有理由的！我当时依然没有大发雷霆，选择了用“将心比心”的经历劝解他，并让他保证下次不再欺负女同学。他十分勉强地同意了！
3,从他爸爸那里我了解到：以前孩子在学校老师总夸他懂事，关爱小同学。就是学前班最后一个学期，有一次，小勇作业没写完想喝水，老师不让，让他写完再喝水。他生气不写了并和老师顶嘴，老师严厉地批评了他，他不服气，一气之下背书包跑回了家。
2,有一天，课间孩子们上完厕所回来告状说：“小勇说脏话了。”“小勇打人啦！”当时我只是平淡地“嗯”了一声。
1,他的性格很偏激，每次因为一点小事就与同学大吵大闹，自控能力很差。课上课下，很爱调皮捣蛋，上课时不是身子动过来扭过去，就是嘴巴说个不停，顶撞老师，下课骂人。在同学们的心目中，他是一个问题孩子。在他的心里，也充满了对同学、对老师的不满，他认为大家都不喜欢他，所以，他也不喜欢同学。在这个本该充满欢笑的年龄，他的心却被自卑、愤怒、失望占据，他把自己小小的心窗关上了。在班级的这个集体中，他属于格格不入的，每天看到的都是其他孩子的笑脸，只有他的脸是冷冰冰的，这朵花还能像其他的花一样开放吗？
2,他的性格很偏激，每次因为一点小事就与同学大吵大闹，自控能力很差。课上课下，很爱调皮捣蛋，上课时不是身子动过来扭过去，就是嘴巴说个不停，顶撞老师，下课骂人。在同学们的心目中，他是一个问题孩子。在他的心里，也充满了对同学、对老师的不满，他认为大家都不喜欢他，所以，他也不喜欢同学。在这个本该充满欢笑的年龄，他的心却被自卑、愤怒、失望占据，他把自己小小的心窗关上了。在班级的这个集体中，他属于格格不入的，每天看到的都是其他孩子的笑脸，只有他的脸是冷冰冰的，这朵花还能像其他的花一样开放吗？
3,他的性格很偏激，每次因为一点小事就与同学大吵大闹，自控能力很差。课上课下，很爱调皮捣蛋，上课时不是身子动过来扭过去，就是嘴巴说个不停，顶撞老师，下课骂人。在同学们的心目中，他是一个问题孩子。在他的心里，也充满了对同学、对老师的不满，他认为大家都不喜欢他，所以，他也不喜欢同学。在这个本该充满欢笑的年龄，他的心却被自卑、愤怒、失望占据，他把自己小小的心窗关上了。在班级的这个集体中，他属于格格不入的，每天看到的都是其他孩子的笑脸，只有他的脸是冷冰冰的，这朵花还能像其他的花一样开放吗？
3,我把卷子捡起来，抹平。趴在他的耳边说：“老师不为你好吗？怕你答不完卷儿！快，赶紧答吧！”我本以为他会乖乖地听话，可是，他没有。而是拿出一张纸，在纸上画了一个小人儿，一看就是他的班主任老师。随后，他就用钢笔尖狠狠地乱扎一气。在旁边还写道：“哈哈，我赢啦！”我笑着说，“孩子，我知道你画的是谁，但我不理解你为什么这样做？让你老师看到，她该多伤心啊，来，我帮你收起来！”他没有反对。为了淡化他的对抗情绪，我向他的后面走去，悄悄地关注着他。只见他又把橡皮拿了出来，继续用钢笔尖狠狠地扎着……嘴里还嘟囔着什么！
3,原来小敬在厕所小便时，恶作剧心理作祟，竟把尿洒到隔壁班同学的身上，这简直太匪夷所思了！这刷新了我从教十来年的认知！望着一脸故作无知状的小敬，我心里的怒火熊熊燃烧，批评的话语劈头盖脸地直往他身上“砸”，然而狂风暴雨般的训斥除了让他脸上显现出些许的无所谓与不屑外，似乎别无益处，毕竟还要为他收拾“烂摊子”，我赶紧找来“受害者”细细询问，以求将恶劣影响降到最低。
1,我疲于应付由小敬引起的种种恶果，而小敬也越发沉默寡言，动不动就用拳头解决问题，我也很无奈，苦思不得良策。
1,在班上有一个学生，他多动，上课没几分安静，对学习没有一点兴趣，要么搞小动作，要么自言自语，要么影响别人学习；下课追逐打闹，他最活跃，喜欢动手动脚；作业不做，即使做了，也做不完整，书写相当潦草······
1,上学期插入本班以来，行为习惯非常不好。课堂随意讲话嬉笑，出怪声音，经常追逐打闹。在宿舍更是肆无忌惮，在四楼拿矿泉水瓶向下砸女生，带鞭炮在宿舍偷放，似一匹脱缰的野马，根本不服从老师管理。班主任多次与家长沟通，用尽各种教育方法，收效甚微。
3,上学期插入本班以来，行为习惯非常不好。课堂随意讲话嬉笑，出怪声音，经常追逐打闹。在宿舍更是肆无忌惮，在四楼拿矿泉水瓶向下砸女生，带鞭炮在宿舍偷放，似一匹脱缰的野马，根本不服从老师管理。班主任多次与家长沟通，用尽各种教育方法，收效甚微。
1,本学期3月份开学伊始，在一周多时间内，连续出现了3次大的打架事件，最后受到劝其转学的处分。在家长多次恳切的要求下，学校同意其试读。
1,下午，我刚走进教室。就听到女孩的哭声，烨的同桌在哭，她的书包被扔在地上，书包里的书、文具撒落一地。孩子们七嘴八舌地说是烨做的。有说烨最喜欢打人了，有说烨从一年级起就喜欢打人，有说烨总是搞恶作剧……我心乱如麻。制止孩子们的告状，我轻声问他，为何？他轻描淡写地回答我：“我觉得好玩。”
3,第二早，我去上课，刚走进教室。天啊！教室里一片狼藉，大部分孩子的书包都被扔在地上，散落在外面的书和本子上浸了许多墨水。不用说，孩子们一致指向烨。而他，则若无其事地坐在座位上。我问为什么？他还是云淡风轻地说：“好玩。”
1,某日，我一脚刚踏进教室门，又听一个孩子委屈地向我哭诉：“老师，小琦打我！”于是，我把在楼道疯跑着的小琦叫到身边询问：“你怎么打同学呢？”他一脸不服气地说：“我就是想和他玩玩而已！”“什么叫作玩玩而已？”我更加生气了。“我就是跟他玩玩。我没打他！”他的语气更加不屑。
1,可是好景不长，开学的第二天上午思品课，一个学生急匆匆地过来找我，说教室里两个同学在打架，同学们都拉不开，两人连思品老师的话都不听。我匆匆地赶来教室，一看小宇和小伟两人正打得不可开交，旁边的同学都躲在一边，不敢上前。我走上前问原因，两人都同时说：“是他先打我的……”连事情的起因都没有。
1,我让他们两人一起跟我到办公室，去的路上我有意识地观察一下两人的行为举止，小伟还好，就顾着走路，可是小宇边走边打小伟，一会打他的胳膊，一会揪他的脸，小伟没有停下来，也没有还打。这样一路走过来，我已经大致明白谁是谁非了。我还是不动声色地让他们分别讲事情的经过（两人互相不能听见对方的话），两人都是断断续续地讲着事情的经过，从他们的讲述中，我分辨出的结果和我刚才路上观察的基本一致——是小宇先动的手。
1,于是我就让先犯错的小宇说说自己为什么要打人？谁知我的话刚出口，他马上开始号啕大哭，好像自己受了天大的委屈，边哭边打小伟，完全无视我的存在。我让他停止打人，他就抡起小拳头向我打来……准备大闹办公室。
1,随后的几天，不断地有学生告小宇的状，在思品课上跟老师吵架，甚至要打老师，影响全班同学上课了；甚至在数学课上都大声嚷嚷，让同学们无法上课。更不用说下课了，把同学的座位撞倒了，把水随便往人身上洒了，用黑板擦打人了，还有同学跟我说他三年级的时候跟数学老师对着打，总之是坏事不断，好事没有一件有他。
3,正在办公室看书，体育老师找到我，看得出来他情绪很激动。“又是哪个调皮鬼惹你生气了？”我放下书笑着问。“还说呢，能有谁啊！还不是你们班的小轩，最近上课，他总是捣乱，开始说他几句还能听，现在可好，还学会和你顶牛了。”体育老师气呼呼地说
1,"我的一年级班中有一位多动倾向的孩子小繁,在课上她总会突然地发出一个奇怪的响声,也会突然走到某位同学的身旁“偷”喝一口他的水或忽然地推谁一下，我上课讲着讲着，一低头，不知她什么时候就从课桌下面钻出来，蹲到了我身旁。对于她,我是伤透了脑筋,她总会弄出点意外的事让我难以应对。今天的课上，因为引用了关于动物的视频，一看到猴子她一声夸张的嗷嗷怪叫配着鬼脸把全班同学惹得哄然大笑，“吸引”了班中的大部分学生，有一两个调皮的男孩子还紧接着模仿她的动作和叫声，导致班里很多学生开始搞怪，不能集中精力于课堂。我第一次对这些看着可爱，实则让人动怒的孩子们发了脾气，虽然当堂课孩子们收敛了，但这种用“吓”来管的方法又能生效多久呢？难道要老师隔几日就发脾气来维持课堂的秩序吗？"
1,通过几次与家长沟通得知，小繁从小就与别的孩子有些不同，比较好动、好斗，喜欢冒犯别人，常把同一个小区的孩子惹哭，幼儿园里是出了名的惹事的孩子。
1,孩子犯错并不是一蹴而就的，经过我多方渠道了解，孩子如今这样，责任并未是孩子本身所造成的。孩子小时候都是由爷爷、奶奶看管的，那种娇惯和溺爱，让孩子形成了自我为中心的特点，并且认为武力是解决一切的方式。
1,从浩浩成为一年三班学生的第一天起，我的麻烦就接踵而来。第一堂课，所有的孩子正聚精会神地听讲时，浩浩突然无故地大哭大闹。我的一番劝慰根本听不进去，也好像是根本听不懂。稍稍平息之后，我刚刚回到讲台，浩浩又伸手莫名其妙地打了同桌。接下来的几天里，浩浩更是把班里搞得一团糟——上课时下地四处溜达、躺在地上打滚不起来、吃饭时尖叫扔饭、下课时突然脱下裤子……体育老师派孩子来找我，说浩浩不站队，还哭还闹还跑了；音乐老师派孩子来找我，说浩浩不学唱，还打扰老师同学；美术老师派孩子来找我，说浩浩不画画，还把别人的笔和纸给扔了、撕了……
1,当班主任第三年时，班里来了一个特殊学生，一个复读生。他的前班主任告诉我，这是个问题学生，学习成绩和行为习惯都很差，攻击性很强，常常惹是生非，是一个让老师头疼，同学嫌弃的学生。我当时就想着一定要在开始就镇住他，让他知道我这个班主任也不一般，否则以后会越来越难管理。果然，这个孩子的特殊名不虚传。上课，他情绪低落，对学习毫无兴趣；下课，他胡打乱闹，和同学一言不合就挥起了拳头。短短几天就屡屡犯错，每天不是科任老师就是学生向我告状。我找他谈话、批评都无济于事，真让人头疼。
1,"这一天，我带领学生在操场上铲雪,他又和同学打架了。班干部把他带到我面前，他把头埋到胸前一副任我处置的样子。我想看到他究竟是什么表情，知道他究竟是什么心理，于是我伸手抬起他的下巴，我看到的是一双戒备的眼睛，一张抿得紧紧的嘴巴,两只紧握的拳头。这是一副仇恨的姿态，这是一种随时准备还击的状态。"
1,读完短信，嵩的影子在我的眼前越发清晰：这个贵州来的男孩儿，虎头虎脑，活泼机灵，特有男子汉气概，有事没事总爱去逗弄其他孩子，做作业时，爱耍小聪明，“偷工减料”那是常事。从一年级开始，告状声就不绝于耳：“老师，嵩又揪我的小辫儿。”“老师，嵩把我的作业本给撕了。”“老师，刚刚上体育课，嵩又搞恶作剧吓唬女同学了。”……不管你是和颜悦色地循循善诱，还是暴风骤雨式地批评，他依旧稳如泰山，我行我素。多次与他的父母沟通，效果都不太明显。记得那是一个闷热的下午，这个“捣蛋鬼”又给我闯祸了：上课时，偷着看漫画书，科任老师批评了几句，公然在课堂上与老师顶嘴。我一听，顿时觉得颜面无存，威严扫地，立马把他叫进了办公室，不假思索，一个电话请来了他的妈妈。
3,读完短信，嵩的影子在我的眼前越发清晰：这个贵州来的男孩儿，虎头虎脑，活泼机灵，特有男子汉气概，有事没事总爱去逗弄其他孩子，做作业时，爱耍小聪明，“偷工减料”那是常事。从一年级开始，告状声就不绝于耳：“老师，嵩又揪我的小辫儿。”“老师，嵩把我的作业本给撕了。”“老师，刚刚上体育课，嵩又搞恶作剧吓唬女同学了。”……不管你是和颜悦色地循循善诱，还是暴风骤雨式地批评，他依旧稳如泰山，我行我素。多次与他的父母沟通，效果都不太明显。记得那是一个闷热的下午，这个“捣蛋鬼”又给我闯祸了：上课时，偷着看漫画书，科任老师批评了几句，公然在课堂上与老师顶嘴。我一听，顿时觉得颜面无存，威严扫地，立马把他叫进了办公室，不假思索，一个电话请来了他的妈妈。
1,辛某某，男，8岁，一年级新生，上课随意接话、插嘴，从不举手，破坏课堂纪律；上课东张西望就算了，还经常拉着前后左右的学生说话，老师怎么说都不听；动不动就和同学、邻居小朋友打架，有个别的家长到老师那去告状，班主任教育他他还顶嘴。上课坐凳子也不像个样，一会歪坐，一会又躺坐，一不高兴还要开溜——不念了！
3,辛某某，男，8岁，一年级新生，上课随意接话、插嘴，从不举手，破坏课堂纪律；上课东张西望就算了，还经常拉着前后左右的学生说话，老师怎么说都不听；动不动就和同学、邻居小朋友打架，有个别的家长到老师那去告状，班主任教育他他还顶嘴。上课坐凳子也不像个样，一会歪坐，一会又躺坐，一不高兴还要开溜——不念了！
1,“老师，给我换个座位吧，小楚太烦人了，他老是上课来碰我，还乱扔我的东西。”“老师，我也不想和小楚坐，他不讲卫生，随地吐痰，还打人。”
3,“老师，给我换个座位吧，小楚太烦人了，他老是上课来碰我，还乱扔我的东西。”“老师，我也不想和小楚坐，他不讲卫生，随地吐痰，还打人。”
1,可他又性格急躁，经常和同学发生矛盾；很好动，管不住自己的手和口，说不到几句话就会抡起拳头，谁都惹不起，也没有同学愿意和他交朋友，任课老师也都反映他上课老爱“接下嘴”，不守纪律。
1,“李老师，小楚和小羽打起来了！”这小子，居然又给我找事了！我决定利用这个机会好好地教育他。“说吧，你们为什么打架？”看到我一脸的严肃，小楚随即低下了头。我把目光转向了小羽，这孩子满脸委屈，还在不停地抽噎着：“小楚说我和双子座很相配，还说班里的琪琪就是双子座，说我们以后会结婚，他侮辱了我的人格！我反过来说他，他就打我。老师，我知道我也有错，不该和他吵，但我实在忍无可忍了。其实是小楚自己喜欢琪琪才故意说我的。”
1,开学一周，他每天都和同学打几架。有时他从别人身边过时故意碰撞他人，有时堵着门口不让同学进出，有时喝水时喷别人一身水等等。在同学中说一不二，否则拳脚相加，同学都怕他，叫他轩哥。不论班主任老师怎样批评教育，都没有什么改变，每天照样欺负同学。一天课间，班里面吵吵嚷嚷一团糟，我进教室一看，他正站在椅子上瞪着同学们耀武扬威的样子。我看到顿时生气了，瞪着他，厉声说：“你干什么呢！快下来！”没想到他丝毫不买账，不但没有下来，反而一脚踏上桌子，一点不害怕，他眼睛乜斜着，一副挑战的样子，说“我就不！”教书这么多年，遇到的特殊学生也不少了，还没有碰到一个像这样不怕老师不懂事的孩子。
3,一天课间，班里面吵吵嚷嚷一团糟，我进教室一看，他正站在椅子上瞪着同学们耀武扬威的样子。我看到顿时生气了，瞪着他，厉声说：“你干什么呢！快下来！”没想到他丝毫不买账，不但没有下来，反而一脚踏上桌子，一点不害怕，他眼睛乜斜着，一副挑战的样子，说“我就不！”教书这么多年，遇到的特殊学生也不少了，还没有碰到一个像这样不怕老师不懂事的孩子。
1,教育的故事每天都在不停地重复上演着，1993年初刚师范学校毕业的我来到文化小学时，班中有名“四大混”都是留守儿童或孤儿，今天把桌子踢碎，明天把同学打哭，三天两头不上学那都是常有的事，当时我孤立无助，同时也深知，这些孩子不缺乏打骂、训斥。
3,往外跑的次数少了，可他的情绪却换了一种方式宣泄：教室里，手扳住桌子，朝贾老师怒吼“我就不去”；楼道里靠坐于地，冲主任顶撞“不关你事”历历在目。和同学之间更是冲突不断，将教室变战场。故，又称“石吼吼”。
3,这学期，他偷藏了同学的手机，根据线索分析，目标明确指向了他。在我悄悄询问他时依然坚定地对我说：“老师，你相信我，我真的没看见。”那一瞬间我动摇了，想相信他。我看着他的眼睛希望从这两扇“心灵之窗”中发现端倪，对视几分钟后，他承认了错误，把藏在花池里的手机给了我。看，他其实就是个孩子!事后班里的同学并不知情
1,不可否认的是，有一部分调皮捣蛋的孩子需要用更多的心思与爱去指正、引导，小宇就是这个群体中最突出的一位，初见面时，他活泼好动，我理解为这个阶段孩子固有的小性格。两个星期的观察、接触，他鲜明的个性已然呈现，他聪明、爱思考、想法多，上课积极发言，学习很上进，受到科任老师的一致好评。但与此同时，他的个人行为习惯也开始逐渐显现。六岁的孩子，争强好胜，常常利用拳脚跟同学们“和平玩乐”，在他看来，拍别人一下、踢别人一脚，只是在玩耍而已，并没有恶意。当小伙伴们一次次抱怨不能接受他的交流方式时，他更是一脸不屑愤然离开。在他看来，自己没错，不需要道歉，也不要谅解。我找他谈话、了解情况时，他总是满脸委屈和不服气，觉得所有人都在误会他。
3,到了二年级，孩子长大了，脾气也大了，越来越淘气，每天脏兮兮的，每次评批他，他都满嘴的理由，很不服气，用眼睛恶狠狠地盯着我，气鼓鼓地掉着眼泪。有一次放学站队，他在队里大声说话，我就罚他出队站一小会儿，他就生气了和我发脾气了，他说：“站就站呗，我就在这里站着我不回家了。”当时听了，把我气的火冒三丈。
1,三年级，越发厉害了，打同学，不论男生女生，只要招惹他了那就是打，说服教育根本不管用了，跟家长也沟通多次，沟通完，好一两天，过后会变本加厉
1,下课走路时，其他班的同学路过身边，他都能打人一下
1,小文是我们班里最淘气的男生，喜欢与同学打架，三天两头就和同学大打出手，为的都是一些鸡毛蒜皮的小事儿。光打架就很伤脑筋，还不爱学习，自从我接这个班级开始，他的作业几乎就没写过，同学们都不愿意和他一桌，都对他敬而远之。没办法只好“雅座”伺候。在他身上我是软硬兼施，可就是成效不大，不仅不大，相反他对我还有一种敌视态度。我一直在想，原因究竟出在哪呢？正当我冥思苦想、无计可施的时候，一场篮球赛使问题发生了转机
1,他的不正常表现太多了，只要班级开着窗，他就会爬上窗台，坐在窗口手舞足蹈，根本不管教室是几楼，这种做法曾经吓坏了老师；只要下课就和同学打架，打人、挑衅是家常便饭，而且在他看来同学们都有挨打的足够理由，同学们认为他不正常，所以都见怪不怪，没有人理他；他无论是一人独处还是在课堂上，嘴都不闲着，总是念念有词，旁若无人，不但投入，而且还乐在其中……他完全与普通学生不一样。
2,但开学回来后的他好像一下子又回归到了原点，脾气还变得急躁起来，常常会因一点儿小事儿就跟同学发生争吵，连来给他开家长会的爸爸面对着他的状况都焦头烂额。
2,这天上午放学后，班上的小萍同学来向我请假了。她说：“老师，下午我有事，不能来上学。”我关切地问：“有什么事呢？”她支吾着不肯说。我说：“那好吧，请你的家长来向老师请假。”她很不情愿的给她的父亲打电话。一开始电话没有人接，小萍同学显得有些着急烦躁。过来一会儿，我说：“你再拨一下你家长的电话。”这一回电话接通了，我对小萍同学说：“把电话给老师，让老师和你的家长说吧！”她把电话给了我却委屈的在一旁抹着眼泪。通过电话我得知小萍的奶奶生病住院了，需要有人去照顾她，而小萍的爸爸上班回不去，妈妈只好把一岁半的弟弟放在家里去照顾病中的奶奶，因此需要她请半天假回去照看弟弟。原来是一件很小的事情。我对小萍同学说：“你可以请半天假回去。”她不作声，只顾哭。我又关切地问：“你吃饭了吗？”“吃过了，不用你管，我讨厌你！”她极力的向我吼起来。
1,。“请进！”我边应声边放下茶杯迎上去，只见她虽然强装镇定，但仓促的步态、焦灼的眼神，无不在传递着一个信息——情况不妙！我倾下身子，她轻声快语：“老师，小昱和小泽打起来了
1,我刚接手这个班级的第一天他就和别的同学打闹，不小心撞碎了班级的门玻璃。因此他也成了在这个班级里我第一个认识的学生。“捣蛋”真的像一颗不定时的炸弹一样，让我神经紧张。因为总是在我下课后，刚要提笔批作业的时候，我们班其他的同学就风风火火的跑过来告诉我：“捣蛋”和某某打起来了，“捣蛋”又如何如何了。在我批评了他两次以后，我发现并没有减少他犯错的次数，相反我到觉得他听着批评的话就像听到表扬一样顺耳。这样屡教不改的孩子很是让我生气，但生气的同时，我意识到：孩子早已经习惯了老师的批评，一味的批评使这个孩子麻木了。
3,在我批评了他两次以后，我发现并没有减少他犯错的次数，相反我到觉得他听着批评的话就像听到表扬一样顺耳。这样屡教不改的孩子很是让我生气，但生气的同时，我意识到：孩子早已经习惯了老师的批评，一味的批评使这个孩子麻木了。
2,在短短的谈话中，孩子从没直视过我的眼睛，眼神游离，满脸透着不屑和叛逆，因此她给我留下的第一印象就是个“不服天照管”的学生。果不其然，上课扔纸团，科任老师批评她，她就出言顶撞，当我找到她的时候，她也一副“爱怎样就怎样的”样子。
3,以捉弄别的孩子为乐，在课堂上经常做出奇异的举动来引起她人注目，严重干扰课堂秩序；作业从来没有按时交过，本子上的字用其他老师的话来形容，就是“用小棒戳出的字都比她的字好看！”。老师的话通常被当作“耳旁风”，班级的孩子没有一个愿意与她作朋友，下课时总是一个人呆在小花圃里捉虫子，然后藏在书包里，搞得教室乌烟瘴气。老师们谈起她，也多是摇头叹气。因为总是影响别的孩子学习，家长们也颇有微词，和我聊天时总是旁敲侧击地表示不愿意这样的孩子坐在自己孩子的旁边。
1,教过他的任课老师们都能“如数家珍”似地倒出许许多多他的“丰功伟绩”:上课不听、嬉笑怪叫、欺负同学、破坏同学的东西……科任老师们都有一个共同的愿望：要是他上课能睡得着觉，我们就阿弥陀佛了!这不，开学不到两个星期，就发生了这样的事，峥的同桌黄荣的书包被剪了一个圆圆的洞，有手掌心那么大。
3,教过他的任课老师们都能“如数家珍”似地倒出许许多多他的“丰功伟绩”:上课不听、嬉笑怪叫、欺负同学、破坏同学的东西……科任老师们都有一个共同的愿望：要是他上课能睡得着觉，我们就阿弥陀佛了!这不，开学不到两个星期，就发生了这样的事，峥的同桌黄荣的书包被剪了一个圆圆的洞，有手掌心那么大。
1,一次，他因为讲话被班干部记了名字，气愤之余他竟动手暴打班干部。
1,一提起小冬，他那个倔脾气可在全校出名，和前任班主任打架追到办公室，他倔强，自尊心特强，不能受半点委屈。
1,就在这时，有个小男生转身对着后面的同学踢了一脚，还不停的和后面的同学说笑，他的举动正好被我看在眼里，我走过去，一边批评他，一边拽着他的膀子把他扶正，他一时愣在了那边，我没有理会他。
3,我从他身边走过，趁机打量了他一下，发现他的鞋带松了，我立即提醒他：“你鞋带松了，把鞋带系起来吧。”他看都不看我一眼，不耐烦的回了我一句：“我不会系！”我没有再说话，心里却在想怎么样帮助他。
2,我们班的小虎同学刚入小学时，是个不折不扣的“调皮孩子”，上课睡觉，擅自下位，教室乱跑，动手打人，甚至跟老师顶嘴，课间操骚扰同伴，站路队时手舞足蹈……凡是有他的地方，不良习惯就会蔓延。
1,上课根本坐不住，下课不是推别人，就是打别人，或是对别人吐口水……小朋友们被他弄得哭的哭，叫的叫，躲的躲。
1,记得那天，单独坐在讲台边的他，又趁我转身板书时。冲过几个小组，跳到同学座位上，莫名其妙地把一个同学扇了两巴掌......我当时气得眼冒金星，觉得自己已到了崩溃的边缘，但我告诫自己：不能轻言放弃，你放弃的是一个孩子，是一个家庭的希望。
1,美术课上，他用剪刀把同桌女生的头发剪得不堪入目，我一怒之下丢了他的剪刀，还抓起他的尺子打了他的手心，可他这回没跑，一直老老实实地站在我面前，忐忑不语。
1,但情绪很不稳定，会因为一点不顺心，在课室大骂、破坏，甚至打同学、打老师。
2,但情绪很不稳定，会因为一点不顺心，在课室大骂、破坏，甚至打同学、打老师。
1,课间，在众多来告状的孩子中，很多孩子是来告诉我他们被小妍打了、掐了、抓伤了，或者是小妍因为老师的批评、和同学之间的小矛盾而自己捶打自己。还有她还不止一次地被揭发拿别的孩子的钱和其它文具，甚至零食
1,可是一天课间，他的同桌捂着脸哭哭啼啼地跑进了办公室，生气地说：“老师，他把鼻涕擦在我的桌上，还打我！”我望着同桌红肿的脸，怒火腾地烧了起来，我三步并作两步走进教室，一把将他拎了出来。
3,那天上课，课上到一半他才姗姗来迟，很没有礼貌的推门进来，我叫住了他，让他出去重来，要让他学会尊重老师，要知道最起码的礼貌。他是出去了，但就站在门口，不进来也不离开，而是故意在门口捣蛋，挤眉弄眼的，惹得教室里的同学哄堂大笑。课堂根本无法继续。
3,自从“计算器”风波之事后，虽然事后计算器找到了，李才向王昌扬道歉了，我也表示了歉意，但是王昌扬没有领情，在校表现又回到了以前的状态。对李才总是爱捉弄捣乱，课堂上，把老师的话当耳边风。
1,“韦老师，林欢打我！”一个告状声突然在教室的最后一排刺耳地响起，打断了正在讲课的我；聚精会神听课的学生们也不约而同很快地把头扭向了后面。
1,原来，林欢的圆珠笔掉到了地上，他自己不小心把笔踩碎了，他硬是说他同桌那女生做的，叫她赔。然后蛮横地无休止地用胳膊肘儿不停地碰她。
1,我遇到了这样一个学生，他叫小洋，从入学进班起，他上课就总是搞小动作、乱讲话影响别人；下课追逐打闹，习惯坐在或趴在地上，还爱打同学，经常有学生告诉我他打人，并且每当我批评他时，他总是理直气壮地说：“是他先惹我的！”面对这样一个孩子，我应该怎样如何进行教育和引导，帮助他改掉身上的不良行为呢？
1,在我的班级里有一个学生小豪，他好动爱讲话，课堂注意力不集中，接受能力也较差，所以成绩总是上不去。课间他喜欢打打闹闹，有时还会和同学起争执。
3,那间，我瞥见了金鱼光秃秃的尾部，天啊，鱼尾没有了，鱼的身体怪怪地斜躺在水中，偶尔用鱼鳍晃动一下身子。内心敏感的我，心口仿佛被扎了一下，我明白了湿湿的水迹，我明白了他手中的剪刀，刹那间我有些愤怒，可又十分地无奈，最后只能无助地看着他，一句话说不出来，鼻子一酸，泪水竟吧嗒吧嗒地掉。
1,你是个小学高年级学生，你的与众不同在于你一年四季无视校纪校规，打架斗殴、破坏秩序；你情绪稳定性差、经常惹是生非，无法融入集体；你言行不一，口是心非，不能预见事情的后果；别的老师说你学习没有内驱，目的不明，态度不正，意志薄弱，成绩糟糕；再加上你性情古怪，脾气暴躁，所以大家背地里说你是“冷面杀手”。
3,对父母犟头倔脑，对老师不屑一顾，是小金最为显著的另类特征。来到我的班级，也算是我的福分，我将他列为“特殊儿童”。
3,开学刚刚一个星期，他的一些缺点便暴露了出来：作业基本不做，上课喜欢接话茬，经常捉弄别人。
3,唯独有一个叫韩某的大个子男生，特别捣蛋，他不是故意在队伍里随意走动，就是偷偷扯前排女生的头发，要不就威胁个子矮小的男生给他买零食。
3,在教官带大家练习队形时，他竟然恶作剧把前面一个男孩子的裤子给扯了下来，那个男孩子当场就哭了，转过身推了他一下。
1,韩某拳头一抡，直接把对方的鼻子打流血了。我赶紧把男孩送到校医室，又电话通知了双方家长。
3,这个学生我们就叫他小宇吧，他非常有个性，加上长得有点像周杰伦，成绩也不错，所以常常是我行我素，根本不把老师的话放在眼里。
1,直到八年级，他的话开始变少，上课经常发呆，最后竟然变得富于攻击性，时常和学生发生口角，乃至动手打架。
2,直到八年级，他的话开始变少，上课经常发呆，最后竟然变得富于攻击性，时常和学生发生口角，乃至动手打架。
1,偏执、好斗，轻微的暴力倾向以及被害妄想症……与班上同学的大小摩擦频繁发生
1,这天，他又在教室与旁边的男孩子小鹏打架了，原因非常简单，就是因为小鹏发本子时，本子不小心砸到了他的头。
3,不一会儿就有学生来报告班主任老师：沈某、包某、戚某、徐某、朱某，又把捉来的蜗牛放到女同学的文具盒里了。
3,面对这几个真可谓屡教不改的学生，我的心里有说不出的委屈：作文课上玩航模，课间活动把花盆当球踢……面对几只小小的蜗牛麻烦就惹了一大堆：把蜗牛拿到阳光下暴晒，放到教室的窗台上、女同学的口袋里……真是可恶！
1,但小轩毕竟是个特殊的孩子，易怒，爱攻击人，不善于和同学交往。
2,小陈同学很好奇，问同学要来看看，同学不给。几次“交涉”不成功，他就硬来抢。同学们纷纷批评他无理，他反而破口大骂，甚至捶了那同学两拳；
1,小陈同学很好奇，问同学要来看看，同学不给。几次“交涉”不成功，他就硬来抢。同学们纷纷批评他无理，他反而破口大骂，甚至捶了那同学两拳；
3,星期五的早上，小陈同学正在喝水，一个走在过道上的女同学不小心碰到了他，水溅湿了他的衣襟。尽管同学已连忙道歉，但他还是怒不可遏地把自己和同桌的书桌全掀到地上，书和本子散落一地
1,我们的小川竟然在一周之内，连抓三个孩子，并且全都集中在面部眼睛周围。
3,周五的时候，小川把同学的眼镜儿放到了厕所便池中，一踩水，冲走了。爸爸来了，姥姥来了，大家一起翻垃圾筒，就是没发现眼镜儿。
1,列举了小川除了抓人之外的一些行为，例如用剪刀剪自己鼻尖，用铅笔尖扎人等。
3,我们盼望着，能听到小川和我们说话。小川又闯祸了！他往同学的饭盒里吐口水。
3,但是，作为好朋友我不能让萍萍为我承担，为了公平我把我的书也撕掉。”说着就将书分作两半撕烂了。我心里想：这不是公开与我作对嘛！已经约定好的规则，不仅触犯，还这样公开挑衅！
1,一位坐在教室后排的男生将一只喝空了的饮料瓶扔到了前面隔一排的女生头上，这位女生脾气也较急躁，当即将这只瓶子“回敬”到那名男生的头上，还谩骂对方。
1,男生下位，就用手中的钢笔连刺女生的臂膀5下，女生臂膀当即鲜血直流，号啕大哭。
3,他面对老师的严厉批评满不在乎，课上读课文总是拉着长调，生怕别人听不出他在搞怪。
1,课下总爱和同学打闹，总想欺负别人，自我保护意识特别强，只有占了上风才肯罢休。
1,他叫赵磊，比班内同学大一到两岁，留过级，很讲义气，品性散漫，贪玩，爱打架，并和社会上无业青年交往
1,最终酿成他出口成“脏”，与同学们“打”成一片，同学们躲着他，一些胆小的不委屈自己，言听计从。
2,最终酿成他出口成“脏”，与同学们“打”成一片，同学们躲着他，一些胆小的不委屈自己，言听计从。
2,我正在讲操行分的处理上，讲到我并不想扣大家的分，只期望同学们能自觉地做好……，“放屁”突然一个声音传来，寻声望去出自陈明同学之口。
1,但随着时间的推移，有部分班干向我抱怨：XXX又抄了作业、XXX上数学课时睡觉被老师批评还顶嘴、XXX欺负女生
2,但随着时间的推移，有部分班干向我抱怨：XXX又抄了作业、XXX上数学课时睡觉被老师批评还顶嘴、XXX欺负女生
1,先是陆续有同学报告他骂人、打人，对同学态度粗暴。
2,先是陆续有同学报告他骂人、打人，对同学态度粗暴。
3,对老师的批评、教育满不在乎
1,平时参加同学们的课间游戏时，总喜欢捣乱，不是推倒这个，就是打得那个同学哭，搅得同学们不得安宁
3,他懂的课外知识要比其他同学多，因而有时他会嘲笑同学的无知，但真正要他做时，他又做得不是很好。
2,班老师不允许，他很不满意，就与值班老师发生口角，态度很不好
2,我还没来得及找他谈话，晚上回家，他就和母亲大吵了一场，差一点还动了手
3,还常常引发同学间的矛盾，许多同学都指责他，讨厌他，不和他一起玩;
2,就妈妈的话他一句也听不进去，妈妈说她一句，他能顶妈妈十句，
3,然后我向后门走去，走出两步以后发现他并没有跟上来，我又提醒了一次，他似乎并没有要跟过来的意思。我伸手就去拉，他居然很用力地要甩开我的手，刚刚硬压下去的火陡然又串了上来，当班主任这么多年了，还没哪个学生敢跟我如此正面冲突呢
3,对于教师的主动劝说，就当耳边风，多名任课老师为此比较头痛
3,课余时间爱搞“恶作剧”，欺负其他同学
1,下课胡乱打闹，同学间经常闹矛盾，同学们都嫌弃他；
1,谁和他玩他就说谁欺负他，还说脏话，欺负女生，不是捏捏这个的耳朵就是薅薅那个的小辫子
2,谁和他玩他就说谁欺负他，还说脏话，欺负女生，不是捏捏这个的耳朵就是薅薅那个的小辫子
3,别人地携带系在凳腿上，在别人地墨水瓶里洒洗衣粉，在别人地眼镜上滴墨水，美其名曰，做“太阳镜”。
1,偷着打别人更是常有的事，有时，下课时，我就能看见其他同学追着打他，眼睛里喷射的都是忍无可忍的愤怒目光
1,下课胡乱打闹，同学间经常闹矛盾，同学们都嫌弃他；
2,更严重的是，有的时候与同学发生争吵会说用彝语乱说脏话骂人，再不就躺在地上耍赖，大声的哭，在不管老师说什么她也不理。有时候真是又好笑又好气
1,在我的班级中有一个爱打学生的男孩
1,在班级中，在操场上，他在和同学玩的时候，经常有同学或值 周老师告诉我，说他打人了。是啊，一直以来，班级里有很多同学被他打。
1,经常惹事生非，跟人打架。在学校打，在家里打，
1,下课追逐打闹，喜欢动手动脚
1,课间经常和同学闹矛盾；
3,我让她站到教室后面去，她一副满不在乎的样子，像我发出了挑衅的信号
3,当老师讲课发生错误时，放肆地大笑
3,如果老师批评他，他还振振有词地为自己狡辫
1,下课胡乱打闹，同学间经常闹矛盾
1,下课胡乱打闹，同学间经常闹矛盾，大家都嫌弃他，没人愿意和他做同桌
1,"有一次学校搞活动，在操场上排练，时间稍长了点，他耐不住了，破坏纪律，不但自己不认真,而且影响别人。我批评了他，想拖他出列，没想到他对着我的手就咬了一口，留下了深深的牙印"
1,经常 打架，闹课堂，不服老师管教
2,在我还没有反应前，就听见A同学用一种很愤怒响亮的声音说：“最讨厌你这种人，幸灾乐祸！”全班同学都愣住了。
1,下课追逐打闹，经常和同学打架
3,对老师的批评不屑一顾
3,我带过一个班，带班不久我便发此刻这个班中的一个普遍现象，每一天家长背着书包接送学生上下学，给学生超多的零花钱，学生用这些钱买零食、买玩具，而家长稍有一点没顺学生的意，就会出现大吵大闹的现象
1,由于家庭环境优越，吸烟喝酒，打架斗殴，像脱缰的野马——无拘无束。
3,因为不服班主任老师管教，哪个老师也不肯要他。
1,因此与后勤科长发生了口角，直至动了手
1,在与学生交流中，发现小李平时和同学相处常有擦。常因琐事与同学争吵，甚至打架。
2,在与学生交流中，发现小李平时和同学相处常有擦。常因琐事与同学争吵，甚至打架。
1,与任课老师的交流中，几乎有相同的共识：上课注意力易分散，易和同学有矛盾等等。
3,原来在我班上有只“烫手的山芋”——“捣蛋鬼”、“双差生”小磊。同学们害怕他，躲着他老师讨厌他，嫌弃他，
3,。“恶作剧”等行为虽然表现了你很爱动脑，但这种行为侵犯了别人
3,上课趁老师不注意剪前面女生的头发，在同学后背上贴纸条，
3,下课捉虫子吓唬胆小的同学，抓一把灰洒到同学的脖子里
2,尤为严重的是，他常常教小明班上的一个弱智学生说脏话，还时时欺侮他。
1,但好动、倔强、自我约束能力差，因此常与同学闹矛盾甚至大打出手
3,他的头脑里几乎没有纪律的观念，迟到、早退、甚至不上课、顶撞老师是经常的事情，但他所犯的每一个错误都有一个让我哭笑不得的理由。
1,班里有一位叫张佳音的女同学，因先天性原因，造成她的多动，上下课和同学打架，同学们学习不得安宁。
3,高一时候就因严重违纪被警告处分，以后一直黄卡不断，老师的谆谆教导，家长的苦苦哀求，也全被他当作耳旁风。
1,上课不专心听讲，要么搞小动作，要么影响别人学习，提不起一点学习的兴趣；下课追逐打闹，喜欢动手动脚；作业不做，即使做了，也做不完整，书写相当潦草……每天都有学生向我告状。
1,有这样一个学生，名叫周越珊，这个孩子有倔脾气，爱和同学打架，上课不认真听讲，回家作业经常不做，即使做了，也敷衍了事……每天总有学生向我告状
1,初一上学期时，上课要么扰乱他人学习，要么情绪低落；下课胡乱打闹，同学间经常闹矛盾，同学们都嫌弃他；不做作业，各门功课单元测试不及格……每一天不是科任老师就是学生向我告状。
1,他性格急躁，易冲动，缺乏群众荣誉感，对待同学也不友善，甚至有时有欺压行为，经常与他人发生矛盾，在上中学之前，就曾与他人发生冲突，他甚至还持刀带人去另一所学校挑衅，幸好警察及时赶到，制止了事件的发生
1,在他初一从外校来到我们班之后，他也并没有意识到自身不足之处而加以改正，不到一个月就与初三年级的学生打架，之后又向他人借钱不还，当事件被揭发出来，自己不但不思悔改，反而却大发脾气，欲上前打人，当时他的母亲也在现场，却对他束手无策
1,刚上学时，上课要么扰乱他人学习，要么低头搞小动作；课间胡乱打闹，同学间经常闹矛盾，同学们都嫌弃他
1,A某---一个有才气的男孩，但好动、倔强、自我约束潜力差，因此常与同学闹矛盾甚至大打出手，上课经常用心举手但也时常废话连篇，影响周围同学听课，干扰老师上课，真让我头痛
3,初一上学期时，上课经常和别的同学一齐在课堂上玩儿或者做小动作，也不听老师的劝告，严重影响课堂秩序
1,下课胡乱打闹，脾气暴躁，同学间经常闹矛盾;
2,在宿舍，和宿舍长吵闹，不按时休息，同学们都嫌弃他；
3,学生本人很机灵聪明，理解潜力强，能言善辨，懂得的道理也多，但是由于家庭教育方式、社会环境影响等方面的原因，该学生一向对学习没有真正产生兴趣，作业也不能按时完成，学习行为习惯很差，上课不遵守课堂纪律，经常自己不听课还干扰别人；老师、同学讲话时喜欢插嘴，有时上课会喊一些和课堂无关的话，而且只能表扬，不能批评，只要受到老师批评就会情绪激动，或与老师狡辨
1,可正当我和其他的学生兴趣十足的讨论问题时，他居然无视我的存在，随意的站起、离开座位走动，还随意地动别人的东西，找别人讲话，别人不与他讲话时，还大打出手
1,事隔不久的一天晚上，他和坐他后面的一个女同学打架，我明白后并没有立刻对他们进行批评
3,但这个学生一贯纪律散漫、上课不爱听、常有小动作和说话现象相伴，有时还爱跟任课教师抬抬杠，学校、班里组织的活动经常不参加，而且谁用心参加他还挖苦讽刺，平时还常迟到
1,不明白为什么，他总是生事，前几天才和别的同学打架，真让人头痛
1,刚进文公中学时，他因多次违反学校纪律（如打架斗殴）而被学校处分，几经周折的他重新回到班级
3,高二（4）班由外校转来的吴非同学，个性极强，脾气又犟，好表现自己，上课好动，爱讲话，生活散漫，我行我素，自制力差，爱抬扛。
2,一年来，他所犯的错误不少，不时地因小事而跟老师、同学拌嘴，张扬个性
