disorder_label,disorder_content
3,有一天梁老师告诉我，她发现刘某某和朱某某在水房点火，这件事的后果十分可怕，我赶紧通知了学校，学校让我找刘某某的妈妈谈谈。身为班主任我觉得自己有必要和刘某某谈谈。当我和刘某某说起点火事时，告知这样做是多么的危险，如果起火，他是第一个受到伤害的人，没想到，他当着全班的面对我大声吼道：“你管得着吗，受伤害的人是我，和你有什么关系？”当着全班同学的面我只能说：“算我多管闲事，你就把我的好心当成驴肝肺吧。”当时我觉得这个孩子已经无药可救了。
2,听说他在教室里没有安分的时刻，在座位上左顾右盼、撩左逗右，周围的同学敢怒不敢言；心情好的时候，他能偶尔遵守“互不侵犯”原则，在自己的座位上不停扭动或是发出奇怪的声音；老师帮他管他的时候，他一副天不怕地不怕、我就这样你能奈我如何的无所无谓样儿……总之，他在的时候，这个班里想有片刻的安宁，是很难的
2,没隔两天，郭郭在课堂上又开始折腾，嘴里叽叽歪歪，身体在座位上根本停不下来；走路队的时候不是说话就是出队掉队，总是不按规矩办事；坐在他周围的女生接二连三地跑到我这偷偷告状，总之郭郭没有一刻是消停的……我在场发现的，班干部和同学们时不时反映的，厉声厉色的“硬上”和几箩筐的“和谈”都无济于事，这真是个软硬不吃、无所畏惧的霸主……郭郭给我带来的除了鸡飞狗跳、累心气愤，剩下的全都是无可奈何。
2,从第一天的入学教育开始，小浩就以其独特的行为闯入了我的眼帘：跪坐在凳子上，时不时爬上教室的窗台，不时大声打断老师的讲话……难道小浩没有经历过正规的幼儿园教育？带着这样的疑问，我特意与小浩的奶奶进行了交流。原来，小浩虽然上了三年幼儿园，但由于从小自控能力极差，往往是想做什么就做什么，一点儿都不听老师的话，老师管不住他，就放任他在教室或校园里游荡。难怪小浩没有一丝规范的意识！面对这个即使被奶奶训斥但仍自顾自玩耍的孩子，我的心蓦地一沉
2,入学后，小浩更是状态百出：上课时动动这儿、看看那儿，把书本、文具弄得七零八落；常常发出怪声或擅自离开座位，或者悄悄地咬铅笔、吮手指、切橡皮；课间更是活跃异常，跟同学追逐打闹，甚至打伤同学；更可怕的是，当老师批评他时，他的情绪会变得非常极端，大声地喊叫顶撞老师，不停地跺脚、推桌子，甚至打自己的耳光，用文具盒撞自己的额头
2,在第一节课上，我已经不记得我问了一个什么问题，只记得他把手举得老高，然后我很愉悦地让他回答，但是回答的结果却让我大失所望，这是一个完全表达不出自己意思的孩子，说了一大堆，基本就是不知所云。问题回答完后，班级里出现了一些嘲笑的声音，然而事情却没有就此结束，小赵坐下去以后就在下面自言自语，声音虽然不是很大，但是已经影响到课堂的正常教学。当时也没在意，以为他只是对那些嘲笑的声音不满发出的抗议，提醒之后继续了我的课堂教学。但是在随后几节课的教学中基本都是如此，要么就是回答不知所云，要么就是在座位上自言自语，经常因为处理他的问题导致课堂被切成一段一段的。
2,小胡个子较高，长得比同龄的孩子大，坐在教室靠墙边的倒数第二个位置，上课总是一副懒散的样子。对老师也总是爱搭不理，上课时总是打扰其他同学，和同学的关系也非常紧张，总是和同学打架，欺负比自己弱小的同学。但是对老师组织的活动特别积极，可因为他平时表现不好，总是没有机会上场，不让他上场，他就变本加厉地扰乱课堂，形成了一种恶性循环。
1,本班的娜娜同学学习基础差，父母不务正业，父亲酗酒成性，在这样家庭条件下孩子产生了厌学心理，上学经常迟到，有时课间竟翻墙溜走，曾经多次教育，但收效不大，后来她竟被两个社会青年带去巴彦，学校家长几经周折，终于在巴彦一个小网吧里找到了她，面对脸色蜡黄，浑身尘土的孩子，我百感交集，意识到必须挽救她，把她从邪路上拉回来，这是教师的职责。
0,班上有个学生叫腾腾。开学第一天上数学课，课堂上就表现出心神不定的样子。我当时没有批评他，而是等待下一次的表现。等到第二天上课，他仍然表现出一副心不在焉、无所事事的样子。
2,小浩是被全校师生贴上“调皮王、捣蛋鬼”标签的孩子。真不幸，分班的时候，这个难缠的“小魔头”分到了我们班。果然，刚开学不久，小浩就让我见识了他的“厉害”——课堂上，他总“有所作为”：时不时冒出一腔怪声，引得全班哄堂大笑；用把小镜子反射太阳光，晃同学们的眼睛；组长收发作业本，他故意伸出一条腿把人家绊倒……课间，他“小伎俩”层出不穷：偷偷往女生背后贴画着猪头的小纸条；趁其不备，搬开凳子，让同学坐空，摔个四脚朝天；捉来毛毛虫塞进同学书包，吓得人家“哇哇”大叫……作业经常满纸红叉叉，或者故意迟交，甚至根本没做。测试20多分，那是家常便饭……
1,记得我刚接手一年级时，班里有位叫刑某某的女生早上迟到现象很严重。我以为是孩子任性，早上懒惰不起床，所以我就告诉孩子明天早点儿。可是，我发现这孩子天天如此，我很生气，当时就想：我们老师工作的时间学校都有严格的要求，怎么班级的学生天天都来晚呢？所以我就向孩子要她家长的电话号码，孩子说不知道。听后我就更生气了，直接将孩子严肃地批评了，孩子低着头哭了，第二天早上依然迟到。
2,阿毛有些特殊，他从刚入学就开始课上满地爬、怪叫，与同学频频发生矛盾的情况，到四年级期末检测的时候，他的状况已经发展到必须要班主任坐在考场里，他才能稍微安静一些、不去影响其他同学进行答题，否则他会一直发出各种奇怪的噪声来让整个场面混乱不堪。
2,课堂上乱丢纸团、出怪声、朝同学吐唾沫；课上趴在讲台上；课上面朝同学做鬼脸；用干纸巾沾上水丢到教室天花板上；超同学丢粉笔头；看课外书（算好的）；课下朝着同学泼水；在班里乱丢纸屑；拿着水瓶满楼道洒水；上课不回教室，躲在厕所里、藏在图书馆里等；乱串其他班级，随便拿走别人的东西；随意踢打同学，特别是女生、低年级同学；情节最严重的是曾试图用开水泼洒本班同学。
2,有一天，我上楼送材料回到教室里。班长告诉我：“老师。小勇敲桌子，还站在椅子上唱歌儿，管他还不听。”小勇反驳道:“你也敲桌子啦，你还喊了呢。”我知道此时如果当面批评他，一定会惹他耍牛脾气，非但不能解决问题反而使矛盾激化。
1,开学一周，我就发现这个学生有点怪，总是一脸苍白，眼睛布满血丝，像是熬通宵来上学的。他性格孤僻、寡言少语的。要么静静地把下巴搁在桌子上，要么找个没人的角落怔怔地发呆。我猜想，这孩子如果不是家庭遭受什么重大变故，就是自身性格、身体有什么缺陷。起初他妈妈打电话请假，我也没多想，以为只是普通的身体不适。有时一连几天旷课，即使来了，也只呆半天，而且永远是一副无精打采的倦容。老师们的投诉内容就是——没有完成作业
2,他的性格很偏激，每次因为一点小事就与同学大吵大闹，自控能力很差。课上课下，很爱调皮捣蛋，上课时不是身子动过来扭过去，就是嘴巴说个不停，顶撞老师，下课骂人。在同学们的心目中，他是一个问题孩子。在他的心里，也充满了对同学、对老师的不满，他认为大家都不喜欢他，所以，他也不喜欢同学。在这个本该充满欢笑的年龄，他的心却被自卑、愤怒、失望占据，他把自己小小的心窗关上了。在班级的这个集体中，他属于格格不入的，每天看到的都是其他孩子的笑脸，只有他的脸是冷冰冰的，这朵花还能像其他的花一样开放吗？
0,发现小荣在上课的时候走神，作业也马虎应付是在六年级下学期开学的第三周，我以为他再次骄傲起来，曾经找他聊天，他却满不在乎的样子，我看了挺生气的。
2,她沉浸在自己的童话世界里，常常自言自语，描述着她幻想出来的景象，又或者扮演不同的角色，时而是美丽的公主，时而是可爱的小白兔，时而是漂亮又骄傲的猫咪……自己绘声绘色地说着他们的台词。她太过投入，忽视了周围的一切，会忘记自己身处于课堂之中，上课时，忽然冒出几句与课堂无关的话，
2,她这样的举动不是把我们吓一跳，就是把我们班的孩子逗得哄堂大笑，中断课堂教学，影响其他孩子的学习。我想课下找她聊聊，说说她的纪律问题，但她无法正常交流，完全听不进去我说的话，就自己说自己的：“老师，小白兔好看还是小黑兔好看？我是什么颜色的兔子呀？我想当小粉兔。”然后一般都不等我回答，说完这一大串话，转身就跑了。
2,在班上有一个学生，他多动，上课没几分安静，对学习没有一点兴趣，要么搞小动作，要么自言自语，要么影响别人学习；下课追逐打闹，他最活跃，喜欢动手动脚；作业不做，即使做了，也做不完整，书写相当潦草······
0,上课时她会在座位上玩，撕纸，一会儿就弄了一地纸屑，因为听不懂老师讲的内容，她玩累了会在桌上趴一会儿。下课了她也一个人在操场晃荡。看着她一天天背着书包干干净净地来上学，无所事事在学校混一天回去，我觉得要为这个孩子做点什么。
2,小薛同学是上学期来的插班生。上学期插入本班以来，行为习惯非常不好。课堂随意讲话嬉笑，出怪声音，经常追逐打闹。在宿舍更是肆无忌惮，在四楼拿矿泉水瓶向下砸女生，带鞭炮在宿舍偷放，似一匹脱缰的野马，根本不服从老师管理。班主任多次与家长沟通，用尽各种教育方法，收效甚微。
2,随后的几天，不断地有学生告小宇的状，在思品课上跟老师吵架，甚至要打老师，影响全班同学上课了；甚至在数学课上都大声嚷嚷，让同学们无法上课。更不用说下课了，把同学的座位撞倒了，把水随便往人身上洒了，用黑板擦打人了，还有同学跟我说他三年级的时候跟数学老师对着打，总之是坏事不断，好事没有一件有他。
2,正在办公室看书，体育老师找到我，看得出来他情绪很激动。“又是哪个调皮鬼惹你生气了？”我放下书笑着问。“还说呢，能有谁啊！还不是你们班的小轩，最近上课，他总是捣乱，开始说他几句还能听，现在可好，还学会和你顶牛了。”体育老师气呼呼地说。
2,"我的一年级班中有一位多动倾向的孩子小繁,在课上她总会突然地发出一个奇怪的响声,也会突然走到某位同学的身旁“偷”喝一口他的水或忽然地推谁一下，我上课讲着讲着，一低头，不知她什么时候就从课桌下面钻出来，蹲到了我身旁。对于她,我是伤透了脑筋,她总会弄出点意外的事让我难以应对。今天的课上，因为引用了关于动物的视频，一看到猴子她一声夸张的嗷嗷怪叫配着鬼脸把全班同学惹得哄然大笑，“吸引”了班中的大部分学生，有一两个调皮的男孩子还紧接着模仿她的动作和叫声，导致班里很多学生开始搞怪，不能集中精力于课堂。我第一次对这些看着可爱，实则让人动怒的孩子们发了脾气，虽然当堂课孩子们收敛了，但这种用“吓”来管的方法又能生效多久呢？难道要老师隔几日就发脾气来维持课堂的秩序吗？"
0,首先，让我头疼的就是他的卫生情况堪忧。我仿佛化身为“城管”，而这名同学则不论何时何地总会把自己的区域设计成路边摊的效果，那叫一个乱！任凭我一刻不停地提醒，他还是无动于衷。
2,从浩浩成为一年三班学生的第一天起，我的麻烦就接踵而来。第一堂课，所有的孩子正聚精会神地听讲时，浩浩突然无故地大哭大闹。我的一番劝慰根本听不进去，也好像是根本听不懂。稍稍平息之后，我刚刚回到讲台，浩浩又伸手莫名其妙地打了同桌。接下来的几天里，浩浩更是把班里搞得一团糟——上课时下地四处溜达、躺在地上打滚不起来、吃饭时尖叫扔饭、下课时突然脱下裤子……体育老师派孩子来找我，说浩浩不站队，还哭还闹还跑了；音乐老师派孩子来找我，说浩浩不学唱，还打扰老师同学；美术老师派孩子来找我，说浩浩不画画，还把别人的笔和纸给扔了、撕了……
0,然而，这只是一个开始，不久，孩子表现出来这样一些特征：聪明好动，但腼腆胆小，学习习惯差，规则意识差。主要表现在：（1）上课不倾听，不专注，自己在下面做自己的事情，尤其喜欢在桌子上椅子上乱写乱画；（2）多次旷课，上课时间自己跑出去玩；（3）胆小怕事，不和老师、其他同学有过多的交流，喜欢自己一个人独处；（4）喜欢乱写乱画，咬笔头；（5）自理能力差，自己的东西收拾不好，每天花费大量时间收拾自己的书包。
1,然而，这只是一个开始，不久，孩子表现出来这样一些特征：聪明好动，但腼腆胆小，学习习惯差，规则意识差。主要表现在：（1）上课不倾听，不专注，自己在下面做自己的事情，尤其喜欢在桌子上椅子上乱写乱画；（2）多次旷课，上课时间自己跑出去玩；（3）胆小怕事，不和老师、其他同学有过多的交流，喜欢自己一个人独处；（4）喜欢乱写乱画，咬笔头；（5）自理能力差，自己的东西收拾不好，每天花费大量时间收拾自己的书包。
1,直到开学约三周后，他连续四五次出现逃课现象，校本课程经常不去上，才引起了爸爸妈妈的关注。
1,开学后不久，我就发现她上课总是溜号，不认真听讲，值日又拈轻怕重的，和女同学总是不和睦相处，但跟班里的男生却走得很近。于是我就找到她，起初我心平气和地跟她列举出她的各种违纪违规现象，希望她能改正，可她还是一脸的不屑。于是我就稍微严厉一点跟她谈这些问题，并要求她必须改正，她就干脆两眼一眯，不说话了。
0,开学后不久，我就发现她上课总是溜号，不认真听讲，值日又拈轻怕重的，和女同学总是不和睦相处，但跟班里的男生却走得很近。于是我就找到她，起初我心平气和地跟她列举出她的各种违纪违规现象，希望她能改正，可她还是一脸的不屑。于是我就稍微严厉一点跟她谈这些问题，并要求她必须改正，她就干脆两眼一眯，不说话了。
1,运动会前的某一天，学校进行团体操训练，我清点人数时发现她没来，我按照自然情况表上的电话号码给她打电话她不接，又给她妈妈打电话，结果提示停机。后来终于打通了她爸爸的电话，可是电话那头传来的声音告诉我，他是她叔叔。可是这位叔叔却安慰我说“王老师，没事，她在小学就经常旷课”。我当时真是大吃一惊。
3,孩子渐渐地有了改变，他的眼神里有了温情，他开始在我的课上写作业了，在我面前乖巧了许多。我不禁窃喜！可是好景不长，有一次我出去学习两天后，回来又听到了大家的告状声，同学们说我不在的时候，他把教室弄成了战场，乱砸桌椅、乱发脾气。我一听气不打一处来，坏习惯真不是一朝一夕能改掉的啊！什么原因呢？大家说谁也没招惹他。
2,因为上课五分钟，他就请假上厕所，说是尿急。我看了看他，生硬地抛出一句：“下课玩够了，这会儿才想起来上厕所。去！下次不许这样了。”可之后的几十分钟时间里，小雨一连上了两次厕所。作为一个二年级的孩子，居然不明白下课时间必须解决大小便问题这么简单的道理。想到这儿，我忽然气不打一处来。在全班同学惊愕的眼神中，我严厉地批评了他。孩子当时满眼的泪水，似乎想说什么，可又不敢说
0,读完短信，嵩的影子在我的眼前越发清晰：这个贵州来的男孩儿，虎头虎脑，活泼机灵，特有男子汉气概，有事没事总爱去逗弄其他孩子，做作业时，爱耍小聪明，“偷工减料”那是常事。从一年级开始，告状声就不绝于耳：“老师，嵩又揪我的小辫儿。”“老师，嵩把我的作业本给撕了。”“老师，刚刚上体育课，嵩又搞恶作剧吓唬女同学了。”……不管你是和颜悦色地循循善诱，还是暴风骤雨式地批评，他依旧稳如泰山，我行我素。多次与他的父母沟通，效果都不太明显。记得那是一个闷热的下午，这个“捣蛋鬼”又给我闯祸了：上课时，偷着看漫画书，科任老师批评了几句，公然在课堂上与老师顶嘴。我一听，顿时觉得颜面无存，威严扫地，立马把他叫进了办公室，不假思索，一个电话请来了他的妈妈。
2,辛某某，男，8岁，一年级新生，上课随意接话、插嘴，从不举手，破坏课堂纪律；上课东张西望就算了，还经常拉着前后左右的学生说话，老师怎么说都不听；动不动就和同学、邻居小朋友打架，有个别的家长到老师那去告状，班主任教育他他还顶嘴。上课坐凳子也不像个样，一会歪坐，一会又躺坐，一不高兴还要开溜——不念了！
0,辛某某，男，8岁，一年级新生，上课随意接话、插嘴，从不举手，破坏课堂纪律；上课东张西望就算了，还经常拉着前后左右的学生说话，老师怎么说都不听；动不动就和同学、邻居小朋友打架，有个别的家长到老师那去告状，班主任教育他他还顶嘴。上课坐凳子也不像个样，一会歪坐，一会又躺坐，一不高兴还要开溜——不念了！
2,可他又性格急躁，经常和同学发生矛盾；很好动，管不住自己的手和口，说不到几句话就会抡起拳头，谁都惹不起，也没有同学愿意和他交朋友，任课老师也都反映他上课老爱“接下嘴”，不守纪律。
3,教育的故事每天都在不停地重复上演着，1993年初刚师范学校毕业的我来到文化小学时，班中有名“四大混”都是留守儿童或孤儿，今天把桌子踢碎，明天把同学打哭，三天两头不上学那都是常有的事，当时我孤立无助，同时也深知，这些孩子不缺乏打骂、训斥。
2,不管是谁的课堂，若无意中触碰到他莫名的神经，便立即赖坐于地或离室出走。那一学期中常常可见我满校园寻觅的身影，寻到后急声指责之——未果；好言相劝之——使用多则失灵；有时请他最喜欢的康老师帮忙安抚，甚至几次请宋主任施以援手从男厕中请将出来……故，人送外号“石跑跑”。
0,一次上课时，我像往常一样让他们在课前集体背诵所学内容，而他们一如既往地在做小动作，为了不让他们影响到其他的同学们，我刻意地站到了他们的身边，其中一个调皮的学生没有带课本，于是我便将我的课本放在了他的面前，同时用手指着教材跟他一起朗读，这个过程我发现他有试图跟读，但因为他之前落下的太多而无法跟上同学们的节奏，但我却知道此时的他已经尽力。
1,谁知，下午第一节课一进教室，只有五个女生和几个男生，本来就空荡荡的教室更冷清了。怎么回事？这些孩子哪儿去了？不能集体迟到吧？我正纳闷，当然也有一丝焦急。正不知所措，一个孩子嘟嘟囔囔告诉我：“老师，我知道他们去哪儿了。”我说：“哪儿？快说！”“他们下午去邻村玩儿去了。”一听这样的消息，我已经火冒三丈了，顾不上再多问一句，就去找了校长汇报。
0,小妍上课不认真听讲，总喜欢走神，你看到她端端正正地坐在教室里，可是心却早不知道飞到哪里去了，眼睛绝对不会跟随着老师，一双大眼睛呆滞无神。有时候上课为了活跃气氛，老师会给孩子们讲一些有趣的事情，但是当别的孩子笑地前仰后合的时候，她满脸茫然，不知道大家在笑什么，一看就是刚才又走神了。
2,周一早上晨检，我进班时，看见大部分学生都在读书。当我走上讲台，做自我介绍后，突然听到一个奇怪的口哨声，我环顾四周不知是哪位同学发出的。但见一名小个的学生坐在靠窗户的第三排，头发很乱，但明亮的眼睛充满了欢喜，还东张西望，脑袋做半仰视状。显得与众不同。我这时就能猜得出他是谁了。我当时没有武断的立刻批评他，而是装作没看见。我想我要观察一段时间，了解这到底是一个什么样的学生。
2,第一周，就在我默不作声中，就不断有老师来反应张某某的不守纪律，不写作业的情况。没过几天我就发现他的一些不良习惯：不完成作业、上课精神不集中，做小动作，尽出洋相，有时还迟到。我找他谈话，他不屑一顾的样子，头总是仰的高高的，对我没有丝毫的信任感。好歹我没有批评他，谈话结束后他趾高气昂的走了。
1,第一周，就在我默不作声中，就不断有老师来反应张某某的不守纪律，不写作业的情况。没过几天我就发现他的一些不良习惯：不完成作业、上课精神不集中，做小动作，尽出洋相，有时还迟到。我找他谈话，他不屑一顾的样子，头总是仰的高高的，对我没有丝毫的信任感。好歹我没有批评他，谈话结束后他趾高气昂的走了。
1,但在暑假补课的最后一个星期，突然有一天下午，他跟我请假，说病了，要躺在宿舍睡觉，但结果一个人骑自行车跑去高隆湾玩了（这事当晚是我在他同宿舍班长同学那里得到证实的）。但当时我没有引起足够的重视，光批评没有深究原因，一次教育的机会就这样溜掉了
1,正式开学以后，我渐渐发现他学习的劲头衰退了，请假、迟到的次数多起来。发展到上课睡觉、不学习、光看课外书的地步。几次我善意提醒他不要把课外书带教室来看，他都只是点点头，说在学习，在学习……而又没有丝毫改变。
0,正式开学以后，我渐渐发现他学习的劲头衰退了，请假、迟到的次数多起来。发展到上课睡觉、不学习、光看课外书的地步。几次我善意提醒他不要把课外书带教室来看，他都只是点点头，说在学习，在学习……而又没有丝毫改变。
2,他的不正常表现太多了，只要班级开着窗，他就会爬上窗台，坐在窗口手舞足蹈，根本不管教室是几楼，这种做法曾经吓坏了老师；只要下课就和同学打架，打人、挑衅是家常便饭，而且在他看来同学们都有挨打的足够理由，同学们认为他不正常，所以都见怪不怪，没有人理他；他无论是一人独处还是在课堂上，嘴都不闲着，总是念念有词，旁若无人，不但投入，而且还乐在其中……他完全与普通学生不一样。
2,我初次见到他是在一次教研课上。教研课在师生的互动中愉快的进行着，课堂氛围很好。但教室最后一排却出现了一个与课堂气氛极不和谐的场景：一个男孩手里拿着自己折的纸飞机，全神贯注地抛来抛去。飞机时而起飞，时而降落，起飞时还伴着他配音的轰鸣声。如果飞机离开他的地界，无论飞到教室的任何一个角落他都会毫无顾忌地起身去捡起，眼前的老师、同学及听课教师在他眼中似乎是不存在的。整堂课，他就这样投入地、开心地玩着。刚开始，我们都很奇怪，后来慢慢地适应了，都不再理会他，认为他一定是一个“傻子”！
0,满眼是一张张陌生而稚嫩的脸庞，没多久，一抹鲜红的身影就常常闯入我的视线：课堂上，他坐得总比别人高，以我多年从教的经验，一眼便知他在盘腿而坐。而且他总时不时重复一个动作——咬衣袖，左右开弓，随兴而为……大课间，他总是在走廊上穿梭，不是看着这群同学嬉闹，就是瞅着那群同学追逐，不是到办公室窗口伸颈探望，就是在楼梯口驻足远眺
0,我刚刚担任三年一班的班主任时，班级里有个叫小雷的孩子，在我的课堂上他总是像个局外人，坐在教室的角落里，有时趴在桌子上睡觉，有时候低着头不知在做些什么，作业从不按时上交。
3,我刚接手这个班级的第一天他就和别的同学打闹，不小心撞碎了班级的门玻璃。因此他也成了在这个班级里我第一个认识的学生。“捣蛋”真的像一颗不定时的炸弹一样，让我神经紧张。因为总是在我下课后，刚要提笔批作业的时候，我们班其他的同学就风风火火的跑过来告诉我：“捣蛋”和某某打起来了，“捣蛋”又如何如何了。在我批评了他两次以后，我发现并没有减少他犯错的次数，相反我到觉得他听着批评的话就像听到表扬一样顺耳。这样屡教不改的孩子很是让我生气，但生气的同时，我意识到：孩子早已经习惯了老师的批评，一味的批评使这个孩子麻木了。
2,在短短的谈话中，孩子从没直视过我的眼睛，眼神游离，满脸透着不屑和叛逆，因此她给我留下的第一印象就是个“不服天照管”的学生。果不其然，上课扔纸团，科任老师批评她，她就出言顶撞，当我找到她的时候，她也一副“爱怎样就怎样的”样子。
2,以捉弄别的孩子为乐，在课堂上经常做出奇异的举动来引起她人注目，严重干扰课堂秩序；作业从来没有按时交过，本子上的字用其他老师的话来形容，就是“用小棒戳出的字都比她的字好看！”。老师的话通常被当作“耳旁风”，班级的孩子没有一个愿意与她作朋友，下课时总是一个人呆在小花圃里捉虫子，然后藏在书包里，搞得教室乌烟瘴气。老师们谈起她，也多是摇头叹气。因为总是影响别的孩子学习，家长们也颇有微词，和我聊天时总是旁敲侧击地表示不愿意这样的孩子坐在自己孩子的旁边。
2,教过他的任课老师们都能“如数家珍”似地倒出许许多多他的“丰功伟绩”:上课不听、嬉笑怪叫、欺负同学、破坏同学的东西……科任老师们都有一个共同的愿望：要是他上课能睡得着觉，我们就阿弥陀佛了!这不，开学不到两个星期，就发生了这样的事，峥的同桌黄荣的书包被剪了一个圆圆的洞，有手掌心那么大。
2,小叶是班上的调皮大王，上课经常捣乱，下课追逐打闹，遇有问题爱推卸责任，同学们不喜欢他，老师见了也头疼。
2,就在这时，有个小男生转身对着后面的同学踢了一脚，还不停的和后面的同学说笑，他的举动正好被我看在眼里，我走过去，一边批评他，一边拽着他的膀子把他扶正，他一时愣在了那边，我没有理会他。
0,我们班的小虎同学刚入小学时，是个不折不扣的“调皮孩子”，上课睡觉，擅自下位，教室乱跑，动手打人，甚至跟老师顶嘴，课间操骚扰同伴，站路队时手舞足蹈……凡是有他的地方，不良习惯就会蔓延。
2,我们班的小虎同学刚入小学时，是个不折不扣的“调皮孩子”，上课睡觉，擅自下位，教室乱跑，动手打人，甚至跟老师顶嘴，课间操骚扰同伴，站路队时手舞足蹈……凡是有他的地方，不良习惯就会蔓延。
0,刚开始的几个星期，张冀上课不听讲，有时修钢笔修的满脸墨汁，有时蹲在地上不起来，有时会因为课间十分钟与同学发生的一点点纠纷苦恼一节课甚至嚎啕大哭，劝都劝不住。而课后的作业经常写不完，写不全；家庭作业即使写完了，你也会觉得“惨不忍睹”。
2,在一二年级张冀就养成了自私、任性、上课随意说话做小动作、不按时完成作业等等一系列的坏习惯。
0,他父亲脾气暴躁，思想偏激，对他非打即骂，还动不动就告老师的状，为此他个性内向孤僻，缺乏责任感和集体观念，上课经常开小差，做事拖拉，厌学情绪严重，喜欢的课去上，不喜欢的课随便乱跑，在原先班级里是出了名的差生。我很郁闷，这样的“美差”怎么就让我摊上了呢？
2,他父亲脾气暴躁，思想偏激，对他非打即骂，还动不动就告老师的状，为此他个性内向孤僻，缺乏责任感和集体观念，上课经常开小差，做事拖拉，厌学情绪严重，喜欢的课去上，不喜欢的课随便乱跑，在原先班级里是出了名的差生。我很郁闷，这样的“美差”怎么就让我摊上了呢？
1,那天上课，课上到一半他才姗姗来迟，很没有礼貌的推门进来，我叫住了他，让他出去重来，要让他学会尊重老师，要知道最起码的礼貌。他是出去了，但就站在门口，不进来也不离开，而是故意在门口捣蛋，挤眉弄眼的，惹得教室里的同学哄堂大笑。课堂根本无法继续。
2,那天上课，课上到一半他才姗姗来迟，很没有礼貌的推门进来，我叫住了他，让他出去重来，要让他学会尊重老师，要知道最起码的礼貌。他是出去了，但就站在门口，不进来也不离开，而是故意在门口捣蛋，挤眉弄眼的，惹得教室里的同学哄堂大笑。课堂根本无法继续。
2,在后来的几周里，林欢同学每隔一两天都会在课堂上给我来点小动作，背着我下位置，乱扔小东西，常常惹周围的同学
1,学习缺乏兴趣，没有主动性和自律性。学习基础不扎实，经常迟到，几乎完不成作业。
1,每当因作业不能完成或是偷拿家中、同学的财务被老师进行批评教育后，她会逃学，甚至离家出走。
2,我遇到了这样一个学生，他叫小洋，从入学进班起，他上课就总是搞小动作、乱讲话影响别人；下课追逐打闹，习惯坐在或趴在地上，还爱打同学，经常有学生告诉我他打人，并且每当我批评他时，他总是理直气壮地说：“是他先惹我的！”面对这样一个孩子，我应该怎样如何进行教育和引导，帮助他改掉身上的不良行为呢？
2,这时，其他小朋友纷纷议论起来，这些刚离开幼儿园的孩子毕竟太小，控制不了自己，有的哈哈大笑，有的甚至模仿起来，教室里一片混乱。
2,平时上课，他常无缘无故地唱歌、叫喊、自言自语、哭泣，爬上桌子再跳下来或突然站起来在教室里走来走去。
3,你是个小学高年级学生，你的与众不同在于你一年四季无视校纪校规，打架斗殴、破坏秩序；你情绪稳定性差、经常惹是生非，无法融入集体；你言行不一，口是心非，不能预见事情的后果；别的老师说你学习没有内驱，目的不明，态度不正，意志薄弱，成绩糟糕；再加上你性情古怪，脾气暴躁，所以大家背地里说你是“冷面杀手”。
3,我不敢怠慢，立即进教室查看，发现小金摆弄的“危险品”原来是外面小摊上摸奖而得的古代兵器——飞刀、刺刀、长矛……都是学校明令禁止的物品。
3,有一次，在课间，他毫不顾及学校花园里的长势良好的花草，硬是带领另外一名学生随随便便从花草上踩过去进入花园里，结果把花草踩断了好几棵。
2,开学刚刚一个星期，他的一些缺点便暴露了出来：作业基本不做，上课喜欢接话茬，经常捉弄别人。
2,上课时，他爱说话，常常搅得同桌不得安心听讲。
3,我给他提的要求，他总是屡教不改——学校禁止学生把零食带到校园，可他明知故犯
0,直到八年级，他的话开始变少，上课经常发呆，最后竟然变得富于攻击性，时常和学生发生口角，乃至动手打架。
1,第二天晚修，我再次找他到年级办公室，讲明他的诸多缺点：衣着不得体，佩戴装饰品，晚修经常迟到，尤其是这次夜不归宿，按照学校规定，得受到学校记过处分并通知家长，并让他深深了解到，他平时在同学中影响不好，不受同学欢迎等。
1,开学第二周，我发现他晚修经常来迟，7:30多才到教室，经了解，是和一帮海口的同学下午在操场练跳舞回来晚了。
0,后来我发现，上课他不是在看电脑杂志，就是趴桌子打瞌睡。
2,面对这几个真可谓屡教不改的学生，我的心里有说不出的委屈：作文课上玩航模，课间活动把花盆当球踢……面对几只小小的蜗牛麻烦就惹了一大堆：把蜗牛拿到阳光下暴晒，放到教室的窗台上、女同学的口袋里……真是可恶！
2,上课不安心，自己做小动作，有时还调皮捣蛋，惹是生非，影响课堂教学的正常秩序。
1,逃学现象十分严重，有时中途上了一两节课就不辞而别偷偷溜出去玩了，有时借故回家拿算盘或颜料等学习用品，而且一去不归；甚至有时一整天背着书包不去上学，在外面溜达，一直玩到放学吃饭的时间才回家。
2,有次上课时，坐在后面的他居然趴在教室里，拿着扫帚当机枪向同学们开枪。
2,每天推开教室的门，你第一眼便能瞅见他，黝黑的皮肤，毛乎乎的眼睛透着灵气，可那手脚，甚至脑袋没有一刻能停下来的时候，他特别好动。课堂上不守纪律，想说就说，想下座位就下座位，十分随意，特别影响班级的学习环境。
0,。“小宇，请你不要再走神了，注意听讲！”这样的话在这节课上已经是第三次重复了，我对这个孩子的状态极为不满，声音也再一次地提高了起来。
1,老师一次又一次的教育疏导在她眼里却都扭曲成了对她的压制，以致与学校、老师、家长的对立情绪愈演愈烈，上课似听非听，作业爱做不做，时常迟到
1,她默不作声，我以为她会有所悟，不曾想，第二天她又迟到了，我把她找出教室说了几句，然后回办公室了。
1,晚上，当我去班级时，空着一个座位，谁？对照一看，詹明权未到，一问值日班委，才明白，他下午一向没在。他去那了呢，贪玩？不会的；我心跳掠过一丝不祥的感觉，我安慰着自己，耐心地等待他的回来。到了晚上第四节课了，仍然没有他的消息，我心中开始不安起来，也同时对周边的同学进行调查，没有发现异常状况，班级的气氛也一下紧张起来。我吩咐同学只要有他的消息，在第一时间通知我。这时，我也开始向年段长汇报状况，请示是否就应向公安机关报案。第二天，我通知他父母来到学校，祥细告诉他们状况。经过多方面的分析，他有可能出去玩去了，家长决定先不报案，由他们去寻找！
1,晚上，当我去班级时，空着一个座位，谁？对照一看，詹明权未到，一问值日班委，才明白，他下午一向没在。他去那了呢，贪玩？不会的；我心跳掠过一丝不祥的感觉，我安慰着自己，耐心地等待他的回来。到了晚上第四节课了，仍然没有他的消息，我心中开始不安起来，也同时对周边的同学进行调查，没有发现异常状况，班级的气氛也一下紧张起来。我吩咐同学只要有他的消息，在第一时间通知我。这时，我也开始向年段长汇报状况，请示是否就应向公安机关报案。
1,晚上，当我去班级时，空着一个座位，谁？对照一看，詹明权未到，一问值日班委，才明白，他下午一向没在。他去那了呢，贪玩？不会的；我心跳掠过一丝不祥的感觉，我安慰着自己，耐心地等待他的回来。
1,到了晚上第四节课了，仍然没有他的消息，我心中开始不安起来，也同时对周边的同学进行调查，没有发现异常状况，班级的气氛也一下紧张起来。我吩咐同学只要有他的消息，在第一时间通知我。这时，我也开始向年段长汇报状况，请示是否就应向公安机关报案。
3,　接班不久，我就发现班级有好几个男生抽烟，就一再加重对抽烟的处罚，然而，抽烟事件还是“频频捷报”。
3,那天刚上晚自习，我从陈士焜身边走过，凭我对烟的敏感，我明白他刚抽烟不久
2,纪律更不用说，隔三差五的迟到，上课说话，睡觉，不良习惯很多；
0,纪律更不用说，隔三差五的迟到，上课说话，睡觉，不良习惯很多；
1,一次午自习时间，我去班里巡视，还没进教室，在楼道就听见他的声音，当时我的情绪可想而知，心里一肚子火，心想这回可得好好的批他一顿，他一看见我进来，就赶紧坐好不说话了，当我正要开口时，他先说了，“老师，我错了，您放心，以后我必须不说话了”，听到他说这话，我有点无奈，他什么都明白，但就是做不到。
0,但随着时间的推移，有部分班干向我抱怨：XXX又抄了作业、XXX上数学课时睡觉被老师批评还顶嘴、XXX欺负女生
2,这个XXX我早有注意，长得不是很高大，但一肚子主意，只是开学初他表现得还不是太过，时间一长，他终于压抑不住自己，各种坏习惯暴露无遗，最令人气愤的是他还拉帮结派，成立了一个小团体，带头在教室起哄，影响其他同学的学习。
2,他上课喜欢做一些莫名其妙的动作，引得大家哄笑。
0,上课不专心听讲，常做小动作，
2,上课了，大家都端端正正地坐好，我讲完课，请学生每人从书包里拿出铅笔盒和一个本子，其他孩子都迅速地找到了自己想要的东西，只有他找不到，由一开始边哭边小声自言自语，“怎么办？我找不到。铅笔盒放哪儿了？本子在哪里？”变成后来的哇哇大哭“老师，我没带铅笔盒，没带本。”我走到他旁边，帮他擦擦脸上的泪水，让后说：“没事，老师和你一起看看书包里都有什么吧！”我和他一起从书包里找到了铅笔盒和本。随后的几天里，只要课上老师提出要求他做不好或做不到，准会哇哇大哭，而且谁也劝不住。老师布置作业不会写，哭；找不到要用的本子，哭；数字写得不好看，哭；老师不请他回答问题，哭……这种表现让老师和同学既无可奈何又哭笑不得。
3,遵守纪律意识很淡薄，脾气很急，特别容易暴躁。曾经有一次在晚自习课上，因为他和两个学生讨论问题影响班里纪律
1,那是学校开学两周后的一天，晚自习上课了，发现有几名男生的座位是空着的，当时我很生气，但是我想与其去寻找他们不如在门口等着他们出现。不一会，他们几个人就大汗淋漓的走了上来，于是我把他们几个人带到了办公室询问情况。了解清楚之后我很是生气，原来他们是因为去超市买饮料而迟到的，这种学习态度让我很是不满。这几个学生平时就是问题学生（包括小米），问题已经一大堆
2,纪律不再严格遵守，不仅影响到自己，也影响了班内的其他同学
0,上课一直要么搞小动作，要么乱说话影响别人;下课追逐打闹，喜欢动手动脚，常常违反学校和班级的规章制度，为班级抹黑;
2,上课一直要么搞小动作，要么乱说话影响别人;下课追逐打闹，喜欢动手动脚，常常违反学校和班级的规章制度，为班级抹黑
1,上课一直要么搞小动作，要么乱说话影响别人;下课追逐打闹，喜欢动手动脚，常常违反学校和班级的规章制度，为班级抹黑;
3,上课一直要么搞小动作，要么乱说话影响别人;下课追逐打闹，喜欢动手动脚，常常违反学校和班级的规章制度，为班级抹黑
2,这名学生行为习惯比较散漫，上课喜欢乱插话，
0,上课他经常无故发呆，神情恍惚，作业质量大幅下降，成绩也逐渐下滑
2,上课不遵守纪律，注意力不集中，东张西望
2,坐不了几分钟就动桌椅、摇头晃脑，还经常招惹周围的同学，影响别人上课
2,上课要么扰乱他人学习
2,曾经有一次在历史课上，因为他的笔袋被他不小心掉到了楼下，他要求捡回，历史老师不允许，他很不满意，就不顾老师直接走出了教室
3,那是学校篮球联赛期间的一天，中午有我班比赛，早自习时我在班外观察情况，发现有几名男生的座位是空着的，当时我很生气，但是我想与其去寻找他们不如在门口等着他们出现。不一会，他们几个人就大汗淋漓的走了上来，于是我把他们几个人带到了办公室询问情况。了解清楚之后我很是生气，原来他们是因为要准备篮球联赛所以才没有及时回来上早自习，而他们认为早自习并不重要，这种学习态度让我很是不满
2,他就开始变本加厉的出现各种各样的问题，学习不再专心，纪律不再严格遵守，不仅影响到自己，也影响了班内的其他同学
0,他课上总是爱摆弄东西，吃东西
0,在课堂上的他总是与其他同学的学习不同步。不是在看字典就是摆弄手指，有时甚至吃他喜欢的小食品，或者索性自言自语
0,他将手背后，眼睛还看自己的书，手放在后座的书上，看没什么反应，就一直悄悄地往外拽，直到掉在地上
2,有一天上晚自习，我看见他将卷子撕成长纸条，大约有20张纸条，我看见了，但我没多想，所以我也没说什么，过一会，他将纸条搓成小纸卷，然后拿起一个，一用力，这个小纸卷就冲向了另一个男同学宽广的脑门
2,上课要么扰乱他人学习，
0,自习课时不是说话就是睡觉
2,他上课要么扰乱他人学习，要么情绪低落，昏昏欲睡
3,沾染了抽烟等不良习气
2,上课无精打采，要么搞小动作，要么影响别人学习，
1,谢静敏上课就来迟到了，
1,上课经常迟到早退
2,上课要么扰乱他人学习，
2,上课要么扰乱他人学习
0,上课从不专心听讲，不做作业
2,经常 打架，闹课堂，不服老师管教
2,上课没有一分钟能坐住，要么搞小动作，要么下地影响别人
2,这名学生上课非常捣蛋跑来跑去
2,同时上课喜欢捣蛋，注意力不集中，并且影响别的学生，使得别的学生厌恶他。
1,有时迟到，有时请假，理由同多，其他教师对他失去了信心，一致认为，只要她遵守纪律，上课不影响别人，就行了
0,高三开学后，通过一段时间的观察，我发现他的智力水平尚可，很喜欢数学，只是上课老是睡觉，打不起精神。
3,由于家庭环境优越，吸烟喝酒，打架斗殴，像脱缰的野马——无拘无束。
3,就在这个时候，他又闯了大祸。一天早上，他上学来晚了，叫门叫不开，就翻墙进来了。
2,最让我生气的是，他连课上都听不下来。不是转过头去与别的同学讲话，就是自言自语，
3,纪律散漫，无心向学，经常惹是生非，还参加学生帮会组织，是全校师生皆知的双差生头号分子
3,我刚任该班班主任时，他留着长长的烫发，还染了颜色
3,纪律散漫，无心向学，经常惹是生非并沉迷网络，是在当地派出所挂号的“双差生”。
2,上课经常积极举手但也时常废话连篇，影响周围同学听课，干扰老师上课，科任老师和学生经常向我告状，真让我头痛
1,他的头脑里几乎没有纪律的观念，迟到、早退、甚至不上课、顶撞老师是经常的事情，但他所犯的每一个错误都有一个让我哭笑不得的理由。
3,"他早操迟到是因为楼门不开，书包放不到教室，所以也无法到操场，他不做操的理由也很简单，只是想节省体力，他上课有时不听老师的安排，理由是他认为“没有用”.他的头脑像一台电脑,只要他的“程序”里没有的工作，他不会做。"
2,"在一次生物实验课上,一位学生向我告状,说他的同桌小A趴在桌上不配合他一起做实验。"
1,我又在班级巡视一遍，发现R同学约有二十分钟不在教室了。
2,上课不专心听讲，要么搞小动作，要么影响别人学习，提不起一点学习的兴趣；下课追逐打闹，喜欢动手动脚；作业不做，即使做了，也做不完整，书写相当潦草……每天都有学生向我告状。
3,有一天早上，德育处主任找到我说昨天晚上朱同学在宿舍内打手电，按校规要记一张黄卡还要扣班级平时量化考核分
2,上课无精打采，要么搞小动作，要么影响别人学习，提不起一点学习的兴趣；下课追逐打闹，喜欢动手动脚；作业不做，即使做了，也做不完整，书写相当潦草……每一天学生向我告状
2,接下来的时间他一会儿踢桌子，一会儿撕练习本
1,结果，不长时间以后，她就开始逃课了
2,初一上学期时，上课要么扰乱他人学习，要么情绪低落；下课胡乱打闹，同学间经常闹矛盾，同学们都嫌弃他；不做作业，各门功课单元测试不及格……每一天不是科任老师就是学生向我告状。
2,刚上学时，上课要么扰乱他人学习，要么低头搞小动作；课间胡乱打闹，同学间经常闹矛盾，同学们都嫌弃他
2,A某---一个有才气的男孩，但好动、倔强、自我约束潜力差，因此常与同学闹矛盾甚至大打出手，上课经常用心举手但也时常废话连篇，影响周围同学听课，干扰老师上课，真让我头痛
2,初一上学期时，上课经常和别的同学一齐在课堂上玩儿或者做小动作，也不听老师的劝告，严重影响课堂秩序
3,熄灯了，他没在，我在厕所找到了他，点着烟抽。
2,学生本人很机灵聪明，理解潜力强，能言善辨，懂得的道理也多，但是由于家庭教育方式、社会环境影响等方面的原因，该学生一向对学习没有真正产生兴趣，作业也不能按时完成，学习行为习惯很差，上课不遵守课堂纪律，经常自己不听课还干扰别人；老师、同学讲话时喜欢插嘴，有时上课会喊一些和课堂无关的话，而且只能表扬，不能批评，只要受到老师批评就会情绪激动，或与老师狡辨
2,可正当我和其他的学生兴趣十足的讨论问题时，他居然无视我的存在，随意的站起、离开座位走动，还随意地动别人的东西，找别人讲话，别人不与他讲话时，还大打出手
3,王正耘同学性格外向，极有幽默感，在同学中人气很高，但是自我约束力很差，无论在纪律还是在学习上都很懒散
2,高一上学期时，该生经常因迟到、吃零食、留长发、上课睡觉、不佩戴胸卡等违纪问题而被扣分；学习上，上课经常开小差，睡觉，很少认真听讲，很多科目的作业也总是应付完成，每每考试，成绩排行基本都在最后10名之间徘徊
0,高一上学期时，该生经常因迟到、吃零食、留长发、上课睡觉、不佩戴胸卡等违纪问题而被扣分；学习上，上课经常开小差，睡觉，很少认真听讲，很多科目的作业也总是应付完成，每每考试，成绩排行基本都在最后10名之间徘徊
3,高一上学期时，该生经常因迟到、吃零食、留长发、上课睡觉、不佩戴胸卡等违纪问题而被扣分；学习上，上课经常开小差，睡觉，很少认真听讲，很多科目的作业也总是应付完成，每每考试，成绩排行基本都在最后10名之间徘徊。
1,例如两操检查记录里偶有他因为早操迟到而扣分的记录；在早自习的课堂上，他常被我抓住伏在课桌上睡觉。
2,但这个学生一贯纪律散漫、上课不爱听、常有小动作和说话现象相伴，有时还爱跟任课教师抬抬杠，学校、班里组织的活动经常不参加，而且谁用心参加他还挖苦讽刺，平时还常迟到
1,但这个学生一贯纪律散漫、上课不爱听、常有小动作和说话现象相伴，有时还爱跟任课教师抬抬杠，学校、班里组织的活动经常不参加，而且谁用心参加他还挖苦讽刺，平时还常迟到
3,2007年5月的一天，班长来告诉我王隆龙在教室里与几个同学开玩笑，又打破了一扇玻璃窗
3,但是，在2008年元旦晚会结束后，他伙同本班同宿舍的其他四位同学在宿舍群众喝酒事件被生管老师发现，学校将对这一事件进行严肃处理
2,高二（4）班由外校转来的吴非同学，个性极强，脾气又犟，好表现自己，上课好动，爱讲话，生活散漫，我行我素，自制力差，爱抬扛。
3,之后，在2008年元旦晚会结束后，他伙同本班同宿舍的其他四位同学在宿舍群众喝酒事件被生管老师发现，学校要给予必要的处分
1,时间在一天天的流逝，冷漠的他也不是一个省油的灯，带给了我诸多的麻烦：隔三差五的迟到，上课说话，不穿校服，不佩带校徽，无故旷课，不良习惯很多
2,时间在一天天的流逝，冷漠的他也不是一个省油的灯，带给了我诸多的麻烦：隔三差五的迟到，上课说话，不穿校服，不佩带校徽，无故旷课，不良习惯很多
3,时间在一天天的流逝，冷漠的他也不是一个省油的灯，带给了我诸多的麻烦：隔三差五的迟到，上课说话，不穿校服，不佩带校徽，无故旷课，不良习惯很多
3,不仅仅如此，他的“号召力”非同一般，竟然能在自习课的时间组织班上同学十多人去打篮球
1,我班有一名学生，除了体育好点以外，成绩是我班最差的一个，纪律更不用说，隔三差五的迟到，上课说话、抽烟，不良习惯很多；为此我找他多次谈话，他都每次“虚心”听取我的意见，主动承认错误并写检查；但是不出一两天他还是照样，以前按照班规处罚他做了两周的值日，跟家长谈话，但这并没有解决本质问题，他这些坏习惯丝毫没有改变。
2,我班有一名学生，除了体育好点以外，成绩是我班最差的一个，纪律更不用说，隔三差五的迟到，上课说话、抽烟，不良习惯很多；为此我找他多次谈话，他都每次“虚心”听取我的意见，主动承认错误并写检查；但是不出一两天他还是照样，以前按照班规处罚他做了两周的值日，跟家长谈话，但这并没有解决本质问题，他这些坏习惯丝毫没有改变。
2,一次午自习时间，我去班里巡视，还没进教室，在楼道就听见他的声音，当时我的情绪可想而知，心里一肚子火，心想这回可得好好的批他一顿，他一看见我进来，就赶紧坐好不说话了，当我正要开口时，他先说了，“老师，我错了，您放心，以后我必须不说话了”，听到他说这话，我有点无奈，他什么都明白，但就是做不到，作为班主任的你该怎样办呢
